,GEOID,NAMELSAD,motorway,trunk,primary,secondary,tertiary,unclassified,residential,service,track,footway,cycleway,living_street,cl_motorway,cl_trunk,cl_primary,cl_secondary,cl_tertiary,cl_unclassified,cl_residential,cl_service,cl_track,cl_footway,cl_cycleway,cl_living_street,lane_m_motorway,lane_m_trunk,lane_m_primary,lane_m_secondary,lane_m_tertiary,lane_m_unclassified,lane_m_residential,lane_m_service,lane_m_track,lane_m_footway,lane_m_cycleway,lane_m_living_street,n_motorway,n_trunk,n_primary,n_secondary,n_tertiary,n_unclassified,n_residential,n_service,n_track,n_footway,n_cycleway,n_living_street,n_cl_motorway,n_cl_trunk,n_cl_primary,n_cl_secondary,n_cl_tertiary,n_cl_unclassified,n_cl_residential,n_cl_service,n_cl_track,n_cl_footway,n_cl_cycleway,n_cl_living_street,n_lane_m_motorway,n_lane_m_trunk,n_lane_m_primary,n_lane_m_secondary,n_lane_m_tertiary,n_lane_m_unclassified,n_lane_m_residential,n_lane_m_service,n_lane_m_track,n_lane_m_footway,n_lane_m_cycleway,n_lane_m_living_street
0,3339300,Keene city,0.0,68862.01929454,9693.01404563,24822.79561469,50881.01625274,27164.54035678,361097.9433585,0.0,0.0,0.0,0,0,0.0,42381.95678552,4901.86920463,13916.91395417,27051.51037839,14227.21447078,181829.25587167,0.0,0.0,0.0,0,0,0.0,83220.29664031,9870.077215790001,26569.02949744,53343.19890415,28314.71203902,361097.9433585,0.0,0.0,0.0,0,0,0,0,0,0,71.80220188,0.0,0.0,227145.11710244,33448.09536547,63513.59567789,3224.87357927,0.0,0,0,0,0,35.90110094,0.0,0.0,116230.84302176,33448.09536547,63513.59567789,3224.87357927,0.0,0,0,0,0,71.80220188,0.0,0.0,227145.11710244,33448.09536547,63513.59567789,3224.87357927,0.0
1,3345140,Manchester city,82087.76179009,0.0,42891.61186691,102920.43163893001,107481.84252383,113309.82664140999,879319.87773543,0.0,0.0,0.0,0,0,82087.76179009,0.0,31749.03356919,59131.55742236,58904.59413343,65062.45265845,445255.13182271,0.0,0.0,0.0,0,0,188188.28123126,0.0,81206.70642776,112732.25073501,112941.47665483,118387.91623523,879479.77096055,0.0,0.0,0.0,0,0,0,0,0,0,0.0,0.0,0.0,940626.64442615,13429.85855883,226811.73834587,0.0,0.0,0,0,0,0,0.0,0.0,0.0,490960.71524308,12940.95913249,226795.94121995,0.0,0.0,0,0,0,0,0.0,0.0,0.0,1881209.52020901,13429.85855883,226811.73834587,0.0,0.0
2,3327380,Franklin city,0.0,17772.24416774,13747.63649563,40266.0508345,27307.43765182,55128.24670168,140380.47713648,0.0,0.0,0.0,0,0,0.0,9075.97058815,6954.47107767,20157.17182935,13653.71882591,27608.39389502,70857.24423829,0.0,0.0,0.0,0,0,0.0,19038.88321381,13911.93120517,40266.0508345,27333.34376453,55128.24670168,140380.47713648,0.0,0.0,0.0,0,0,0,0,0,0,0.0,0.0,0.0,129096.07117164,31159.99990156,1010.3274476900001,0.0,0.0,0,0,0,0,0.0,0.0,0.0,65592.61427087,31037.01655448,1010.3274476900001,0.0,0.0,0,0,0,0,0.0,0.0,0.0,129096.07117164,31159.99990156,1010.3274476900001,0.0,0.0
3,3305140,Berlin city,0.0,0.0,19327.56807096,17747.11874365,18646.3656687,5039.43431802,297676.02161197,0.0,0.0,0.0,0,0,0.0,0.0,10984.58317119,8923.33738727,9323.18283435,2519.7171590099997,148909.46378091,0.0,0.0,0.0,0,0,0.0,0.0,21796.53228864,17747.11874365,18646.3656687,5039.43431802,297676.02161197,0.0,0.0,0.0,0,0,0,0,0,0,0.0,0.0,0.0,84615.97760719,71010.55927787,7356.69848171,0.0,0.0,0,0,0,0,0.0,0.0,0.0,42977.95824562,71010.55927787,7356.69848171,0.0,0.0,0,0,0,0,0.0,0.0,0.0,84615.97760719,71010.55927787,7356.69848171,0.0,0.0
4,3312900,Claremont city,0.0,28351.0758764,9996.46642185,33839.64023455,36614.3859373,110468.01396964,205873.19038813,0.0,0.0,0.0,0,0,0.0,15104.87083603,5033.07424424,16999.21575565,18640.48463723,55234.00698482,102999.88208153,0.0,0.0,0.0,0,0,0.0,35431.2817798,10169.63263816,33956.88124581,36644.2131188,110468.01396964,205873.19038813,0.0,0.0,0.0,0,0,0,0,0,0,0.0,0.0,0.0,95009.16452884,45099.47016001,6069.41613451,0.0,0.0,0,0,0,0,0.0,0.0,0.0,48606.20703198,45099.47016001,6069.41613451,0.0,0.0,0,0,0,0,0.0,0.0,0.0,95009.16452884,45099.47016001,6069.41613451,0.0,0.0
5,3314200,Concord city,79038.42344179,650.3115422,79856.56709305,52309.86328788,160177.70918159,98319.6086795,471261.76810534,0.0,0.0,0.0,0,0,79038.42344179,650.3115422,48203.84780115,26769.54361069,83638.55211826,51350.35896974,240960.02390637,0.0,0.0,0.0,0,0,136448.31860210001,1433.02217337,113116.01872104,54933.29975821,166762.01526976,100921.83449982,471546.96749968,0.0,0.0,0.0,0,0,0,0,0,0,0.0,0.0,70.319497,688408.60431551,22384.92968708,210191.04143363,3559.7607428799997,0.0,0,0,0,0,0.0,0.0,35.1597485,359168.81158672,22003.52845794,210191.04143363,3559.76074288,0.0,0,0,0,0,0.0,0.0,70.319497,688495.91759094,22384.92968708,210191.04143363,3559.7607428799997,0.0
6,3350260,Nashua city,70550.62669607,10670.27906562,39089.09097481,45700.73091087,83127.4718127,92340.8421928,876075.67081912,0.0,0.0,0.0,0,0,70550.62669607,10670.27906562,29985.903549399998,25485.18961983,44052.71691754,49772.30389454,449515.82030556,0.0,0.0,0.0,0,0,159004.74137875,27194.70477779,44856.7033733,86053.72160108,83914.91068341,93477.60376887,876075.67081912,0.0,0.0,0.0,0,0,0,0,0,0,0.0,0.0,0.0,828235.86679921,14761.86046166,53256.83760871,9075.49497579,0.0,0,0,0,0,0.0,0.0,0.0,432054.81533693,14761.86046166,53256.83760871,9075.49497579,0.0,0,0,0,0,0.0,0.0,0.0,828235.86679921,14761.86046166,53256.83760871,9075.49497579,0.0
7,3341300,Lebanon city,37429.17300716,0.0,51565.907199,28945.71783882,22723.23623739,52716.25171501,270147.69935125,140.13092232,962.90961152,0.0,0,0,37429.173007159996,0.0,29825.0154947,15015.2224074,11414.65679864,26623.70900629,136544.69913275,70.06546116,962.90961152,0.0,0,0,68187.1451253,0.0,55073.83959981,31448.49777763,22723.23623739,52716.25171501,270446.9032577,140.13092232,962.90961152,0.0,0,0,0,0,0,0,0.0,0.0,0.0,264499.27533935,35303.16493634,44221.59710992,5481.66569705,0.0,0,0,0,0,0.0,0.0,0.0,137248.92104977,35303.16493634,44221.59710992,5481.66569705,0.0,0,0,0,0,0.0,0.0,0.0,264499.27533935,35303.16493634,44221.59710992,5481.66569705,0.0
8,3340180,Laconia city,0.0,9781.66919293,34800.66143657,32654.40983146,39679.62564799,15691.21450985,331644.27775338,19.8632471,0.0,0.0,0,0,0.0,6648.32634718,17797.22271977,16958.58138266,19964.44046177,7919.27850367,166924.14199675,9.93162355,0.0,0.0,0,0,0.0,10552.34926512,36971.44320147,33737.52278881,39679.62564799,15751.3558672,331907.91344222,19.8632471,0.0,0.0,0,0,0,0,0,0,0.0,0.0,0.0,248330.4877443,10852.10854808,18998.12420874,0.0,0.0,0,0,0,0,0.0,0.0,0.0,126591.63914906,10852.10854808,18998.12420874,0.0,0.0,0,0,0,0,0.0,0.0,0.0,248330.4877443,10852.10854808,18998.12420874,0.0,0.0
9,3362900,Portsmouth city,34077.75375189,3232.61319203,27282.7231288,28787.00534023,74150.73181837,40433.75893587,206687.86594595,0.0,0.0,510.99401162,0,0,34077.75375189,3232.61319203,19665.51221338,19520.71759938,38435.73582349,21839.88288401,105901.92917787,0.0,0.0,510.99401162,0,0,86680.21533499,5009.02599058,41879.75156103,45885.45848106,78605.88141238,41746.00096423,206977.93056831,0.0,0.0,510.99401162,0,0,0,0,0,0,0.0,0.0,788.51682894,434289.63728247,3107.70060542,46569.61942529,3241.3887913999997,112.79908772,0,0,0,0,0.0,0.0,394.25841447,226735.71944001,3107.70060542,46569.61942529,3241.3887913999997,56.39954386,0,0,0,0,0.0,0.0,788.51682894,435566.46717199,3107.70060542,46569.61942529,3241.3887913999997,112.79908772
10,3318820,Dover city,46349.99740939,2795.00667493,36496.72218724,11880.250336520001,99632.22336418,65364.82004297,338347.18641493,0.0,0.0,0.0,0,0,46349.99740939,2115.97282521,20829.77223596,8022.9820025300005,50522.0427268,34080.69984073,171620.14392246,0.0,0.0,0.0,0,0,95254.16124764,4465.55769456,46430.36070767,15970.01274723,103136.91620372,66812.30562487,338347.18641493,0.0,0.0,0.0,0,0,0,0,0,0,0.0,0.0,0.0,386514.54349896,11896.95297886,41203.42413021,480.72671688,0.0,0,0,0,0,0.0,0.0,0.0,198450.23667774,11896.95297886,41122.259397840004,480.72671688,0.0,0,0,0,0,0.0,0.0,0.0,387445.94422049,11896.95297886,41203.42413021,480.72671688,0.0
11,3365140,Rochester city,40528.448934320004,36498.67537117,41792.6167789,21797.75444369,155201.68956642,51324.33415945,402728.40803662,0.0,289.848104,0.0,0,0,40528.44893432,22055.381508039998,21444.4344107,11630.72698338,78323.24573472,26413.86993298,203627.21592315,0.0,289.848104,0.0,0,0,72447.58482861001,41148.49764783,44582.37798823,26359.805411549998,155712.71058556,51770.8357784,404015.29774472,0.0,289.848104,0.0,0,0,0,0,0,0,0.0,0.0,0.0,360480.75093295,34414.45531715,21036.75960773,0.0,6912.2233795600005,0,0,0,0,0.0,0.0,0.0,186067.68179984,34414.45531715,21036.75960773,0.0,3456.11168978,0,0,0,0,0.0,0.0,0.0,361340.92702761,34414.45531715,21036.75960773,0.0,6912.2233795600005
12,3369940,Somersworth city,0.0,0.0,19995.45656638,6764.980294880001,45597.31682968,12098.87611458,130368.64582722,0.0,0.0,0.0,0,0,0.0,0.0,11406.74775533,3557.8610267900003,23023.49608152,6261.57097385,65977.75569252,0.0,0.0,0.0,0,0,0.0,0.0,31889.8256342,6904.88005889,45785.59617564,12098.87611458,130368.64582722,0.0,0.0,0.0,0,0,0,0,0,0,0.0,0.0,0.0,128709.63651085,15560.01225003,6718.58610784,1126.08521578,4052.1892624800003,0,0,0,0,0.0,0.0,0.0,67689.11440062,15316.182679720001,6718.58610784,1126.08521578,2026.09463124,0,0,0,0,0.0,0.0,0.0,129849.68281635,15560.01225003,6718.58610784,1126.08521578,4052.1892624800003
13,3300980,Alton CDP,0.0,5051.25035861,3881.90014891,1131.31231338,22.26564427,264.18842416,10320.0168287,0.0,0.0,0.0,0,0,0.0,2863.8415827500003,2027.98773928,565.65615669,22.26564427,132.09421208,5170.90218321,0.0,0.0,0.0,0,0,0.0,5158.29561174,4124.30110221,1131.31231338,22.26564427,264.18842416,10320.0168287,0.0,0.0,0.0,0,0,0,0,0,0,0.0,0.0,0.0,12196.96122298,273.71287534000004,703.96792095,0.0,0.0,0,0,0,0,0.0,0.0,0.0,6098.48061149,273.71287534,703.96792095,0.0,0.0,0,0,0,0,0.0,0.0,0.0,12196.96122298,273.71287534000004,703.96792095,0.0,0.0
14,3301220,Amherst CDP,0.0,3936.47475812,0.0,3662.88906556,8794.08218125,5872.26961268,9992.96015894,0.0,0.0,0.0,0,0,0.0,2482.86919704,0.0,1831.44453278,4518.54073141,2970.33411044,4996.4800794699995,0.0,0.0,0.0,0,0,0.0,3936.47475812,0.0,3662.88906556,8794.08218125,5872.26961268,9992.96015894,0.0,0.0,0.0,0,0,0,0,0,0,0.0,0.0,0.0,10773.27687781,9.04731752,273.21040555,0.0,0.0,0,0,0,0,0.0,0.0,0.0,5572.1225164,9.04731752,273.21040555,0.0,0.0,0,0,0,0,0.0,0.0,0.0,10773.27687781,9.04731752,273.21040555,0.0,0.0
15,3301620,Antrim CDP,0.0,0.0,6736.13233638,7272.14482452,0.0,21401.74772312,25606.52255812,0.0,0.0,0.0,0,0,0.0,0.0,3368.06616819,3636.07241226,0.0,10700.87386156,12934.86616286,0.0,0.0,0.0,0,0,0.0,0.0,6736.13233638,7272.14482452,0.0,21401.74772312,25606.52255812,0.0,0.0,0.0,0,0,0,0,0,0,0.0,0.0,0.0,13544.5741482,1815.7354729600002,0.0,0.0,0.0,0,0,0,0,0.0,0.0,0.0,6826.6289882,1815.7354729600002,0.0,0.0,0.0,0,0,0,0,0.0,0.0,0.0,13544.5741482,1815.7354729600002,0.0,0.0,0.0
16,3301940,Ashland CDP,3147.34428547,0.0,4495.91679854,3310.72301024,1827.3058378599999,0.0,25972.34080014,0.0,0.0,0.0,0,0,3147.34428547,0.0,2247.95839927,1655.36150512,913.6529189299999,0.0,12986.170400070001,0.0,0.0,0.0,0,0,5304.39146559,0.0,4556.18750321,3310.72301024,1827.3058378599999,0.0,25972.34080014,0.0,0.0,0.0,0,0,0,0,0,0,0.0,0.0,0.0,6045.2482239,393.29401737,140.02628167,0.0,0.0,0,0,0,0,0.0,0.0,0.0,3104.20657476,393.29401737,140.02628167,0.0,0.0,0,0,0,0,0.0,0.0,0.0,6045.2482239,393.29401737,140.02628167,0.0,0.0
17,3303620,Bartlett CDP,0.0,0.0,5237.3625872,0.0,3217.29787618,1396.2127923799999,9871.76148246,0.0,0.0,0.0,0,0,0.0,0.0,2618.6812936,0.0,1608.64893809,698.1063961899999,4935.88074123,0.0,0.0,0.0,0,0,0.0,0.0,5237.3625872,0.0,3217.29787618,1396.2127923799999,9871.76148246,0.0,0.0,0.0,0,0,0,0,0,0,0.0,0.0,0.0,3987.80308348,206.43459106,0.0,0.0,0.0,0,0,0,0,0.0,0.0,0.0,1993.90154174,103.21729553,0.0,0.0,0.0,0,0,0,0,0.0,0.0,0.0,3987.80308348,206.43459106,0.0,0.0,0.0
18,3304660,Belmont CDP,0.0,0.0,4826.43067584,4475.41912492,4387.84592232,2359.52076032,20330.60735777,0.0,0.0,0.0,0,0,0.0,0.0,2413.21533792,2237.70956246,2252.32396237,1179.76038016,10257.72545125,0.0,0.0,0.0,0,0,0.0,0.0,5194.0074523,4620.9103137,4387.84592232,2359.52076032,20330.60735777,0.0,0.0,0.0,0,0,0,0,0,0,0.0,0.0,0.0,15667.526278719999,349.55903939,1582.39998619,0.0,0.0,0,0,0,0,0.0,0.0,0.0,8306.35977599,349.55903939,1582.39998619,0.0,0.0,0,0,0,0,0.0,0.0,0.0,15667.526278719999,349.55903939,1582.39998619,0.0,0.0
19,3304820,Bennington CDP,0.0,0.0,0.0,3496.8636447,1148.68680664,0.0,7099.88723598,0.0,0.0,0.0,0,0,0.0,0.0,0.0,1880.06631725,574.34340332,0.0,3549.94361799,0.0,0.0,0.0,0,0,0.0,0.0,0.0,3496.8636447,1148.68680664,0.0,7099.88723598,0.0,0.0,0.0,0,0,0,0,0,0,0.0,0.0,0.0,2002.5202842600002,0.0,0.0,0.0,0.0,0,0,0,0,0.0,0.0,0.0,1001.2601421300001,0.0,0.0,0.0,0.0,0,0,0,0,0.0,0.0,0.0,2002.5202842600002,0.0,0.0,0.0,0.0
20,3305380,Bethlehem CDP,0.0,0.0,5258.69707692,5821.7898623,0.0,1740.2673763,23930.20358192,0.0,1045.0841515099999,0.0,0,0,0.0,0.0,2629.34853846,2910.89493115,0.0,870.13368815,11965.10179096,0.0,1045.0841515099999,0.0,0,0,0.0,0.0,5258.69707692,5821.7898623,0.0,1740.2673763,23930.20358192,0.0,1045.0841515099999,0.0,0,0,0,0,0,0,0.0,0.0,0.0,11216.08969998,84.80340242,0.0,814.9552455200001,0.0,0,0,0,0,0.0,0.0,0.0,5608.04484999,84.80340242,0.0,814.9552455200001,0.0,0,0,0,0,0.0,0.0,0.0,11216.08969998,84.80340242,0.0,814.9552455200001,0.0
21,3306020,Blodgett Landing CDP,0.0,0.0,0.0,2776.98407758,0.0,7.54131396,8063.6486939100005,0.0,0.0,0.0,0,0,0.0,0.0,0.0,1388.49203879,0.0,3.77065698,4555.65160584,0.0,0.0,0.0,0,0,0.0,0.0,0.0,2776.98407758,0.0,7.54131396,8063.6486939100005,0.0,0.0,0.0,0,0,0,0,0,0,0.0,0.0,0.0,1507.81654226,74.53049675,0.0,0.0,0.0,0,0,0,0,0.0,0.0,0.0,753.90827113,74.53049675,0.0,0.0,0.0,0,0,0,0,0.0,0.0,0.0,1507.81654226,74.53049675,0.0,0.0,0.0
22,3306900,Bradford CDP,0.0,0.0,0.0,6582.88964748,1070.00811318,9134.18091774,1595.92386864,0.0,0.0,0.0,0,0,0.0,0.0,0.0,3291.44482374,535.00405659,4567.09045887,797.96193432,0.0,0.0,0.0,0,0,0.0,0.0,0.0,6582.88964748,1070.00811318,9134.18091774,1595.92386864,0.0,0.0,0.0,0,0,0,0,0,0,0.0,0.0,0.0,5718.30677008,1.8875357899999998,0.0,0.0,0.0,0,0,0,0,0.0,0.0,0.0,2859.15338504,1.8875357899999998,0.0,0.0,0.0,0,0,0,0,0.0,0.0,0.0,5718.30677008,1.8875357899999998,0.0,0.0,0.0
23,3307620,Bristol CDP,0.0,0.0,8224.86109894,7589.2066123,4490.49034396,8927.2560215,32568.65429224,0.0,0.0,0.0,0,0,0.0,0.0,4222.059003,3851.2271909,2245.24517198,4463.62801075,16477.951794470002,0.0,0.0,0.0,0,0,0.0,0.0,8394.56390261,7589.2066123,4490.49034396,8927.2560215,32568.65429224,0.0,0.0,0.0,0,0,0,0,0,0,0.0,0.0,0.0,22489.112648450002,1993.18933089,0.0,1067.66379,0.0,0,0,0,0,0.0,0.0,0.0,11411.14924932,1993.18933089,0.0,1067.66379,0.0,0,0,0,0,0.0,0.0,0.0,22489.112648450002,1993.18933089,0.0,1067.66379,0.0
24,3308900,Canaan CDP,0.0,0.0,2791.12837814,1873.00471416,3704.6992331,3488.0624663199997,6914.9268432,0.0,0.0,0.0,0,0,0.0,0.0,1395.5641890699999,936.5023570799999,1852.34961655,1744.0312331599998,3457.4634216,0.0,0.0,0.0,0,0,0.0,0.0,2791.12837814,1873.00471416,3704.6992331,3488.0624663199997,6914.9268432,0.0,0.0,0.0,0,0,0,0,0,0,0.0,0.0,0.0,1954.57228331,0.0,292.9541867,0.0,702.63434472,0,0,0,0,0.0,0.0,0.0,1035.87842729,0.0,292.9541867,0.0,351.31717236,0,0,0,0,0.0,0.0,0.0,1954.57228331,0.0,292.9541867,0.0,702.63434472
25,3310820,Center Ossipee CDP,0.0,5157.47667266,110.6483747,0.0,10504.45878518,1984.30113394,4649.62467268,0.0,0.0,0.0,0,0,0.0,2998.97976963,55.32418735,0.0,5390.07783855,992.15056697,2324.81233634,0.0,0.0,0.0,0,0,0.0,5157.47667266,110.6483747,0.0,10504.45878518,1984.30113394,4649.62467268,0.0,0.0,0.0,0,0,0,0,0,0,0.0,0.0,0.0,11391.14933426,540.78664933,0.0,0.0,0.0,0,0,0,0,0.0,0.0,0.0,5778.82570001,540.78664933,0.0,0.0,0.0,0,0,0,0,0.0,0.0,0.0,11391.14933426,540.78664933,0.0,0.0,0.0
26,3310900,Center Sandwich CDP,0.0,0.0,0.0,3650.54536378,860.1671400800001,1499.6390980400001,8222.31904608,0.0,0.0,0.0,0,0,0.0,0.0,0.0,1825.27268189,430.08357004000004,749.81954902,4111.15952304,0.0,0.0,0.0,0,0,0.0,0.0,0.0,3650.54536378,860.1671400800001,1499.6390980400001,8222.31904608,0.0,0.0,0.0,0,0,0,0,0,0,0.0,0.0,0.0,2146.54090824,0.0,0.0,0.0,0.0,0,0,0,0,0.0,0.0,0.0,1073.27045412,0.0,0.0,0.0,0.0,0,0,0,0,0.0,0.0,0.0,2146.54090824,0.0,0.0,0.0,0.0
27,3311300,Charlestown CDP,0.0,0.0,3085.09952708,1635.26338618,3408.06563818,0.0,29017.16584803,0.0,0.0,0.0,0,0,0.0,0.0,1542.54976354,817.63169309,1704.03281909,0.0,14520.20313411,0.0,0.0,0.0,0,0,0.0,0.0,3085.09952708,1635.26338618,3408.06563818,0.0,29017.16584803,0.0,0.0,0.0,0,0,0,0,0,0,0.0,0.0,0.0,4667.21141156,219.28132992,0.0,0.0,0.0,0,0,0,0,0.0,0.0,0.0,2333.60570578,219.28132992,0.0,0.0,0.0,0,0,0,0,0.0,0.0,0.0,4667.21141156,219.28132992,0.0,0.0,0.0
28,3313700,Colebrook CDP,0.0,0.0,9134.869405,7003.60217714,2655.2538637400003,555.78491654,41964.138061,0.0,0.0,0.0,0,0,0.0,0.0,4567.4347025,3501.80108857,1327.62693187,277.89245827,20982.0690305,0.0,0.0,0.0,0,0,0.0,0.0,9134.869405,7003.60217714,2655.2538637400003,555.78491654,41964.138061,0.0,0.0,0.0,0,0,0,0,0,0,0.0,0.0,0.0,16059.06948972,277.03711798,1443.48008123,0.0,0.0,0,0,0,0,0.0,0.0,0.0,8062.06119387,277.03711798,1443.48008123,0.0,0.0,0,0,0,0,0.0,0.0,0.0,16059.06948972,277.03711798,1443.48008123,0.0,0.0
29,3314340,Contoocook CDP,8716.35091769,0.0,0.0,11844.97178018,0.0,11542.99520801,21378.30958626,0.0,0.0,0.0,0,0,8716.35091769,0.0,0.0,5944.46069241,0.0,5833.42234179,10689.15479313,0.0,0.0,0.0,0,0,17055.65740676,0.0,0.0,12002.64202316,0.0,11542.99520801,21378.30958626,0.0,0.0,0.0,0,0,0,0,0,0,0.0,0.0,0.0,30280.75637316,829.73659359,2021.54859152,0.0,0.0,0,0,0,0,0.0,0.0,0.0,15824.472303999999,829.73659359,2021.54859152,0.0,0.0,0,0,0,0,0.0,0.0,0.0,30280.75637316,829.73659359,2021.54859152,0.0,0.0
30,3314580,Conway CDP,0.0,9405.27158666,6953.45440055,6160.24995642,12165.34439226,10301.63612074,103586.98919468,0.0,0.0,0.0,0,0,0.0,4807.88941361,3482.10148343,3080.12497821,6193.93698526,5150.81806037,51793.49459734,0.0,0.0,0.0,0,0,0.0,9405.27158666,6953.45440055,6160.24995642,12165.34439226,10301.63612074,103586.98919468,0.0,0.0,0.0,0,0,0,0,0,0,0.0,0.0,0.0,50631.79820403,1220.21162006,523.71473882,8501.87438324,0.0,0,0,0,0,0.0,0.0,0.0,25590.64301492,1220.21162006,523.71473882,8501.87438324,0.0,0,0,0,0,0.0,0.0,0.0,50631.79820403,1220.21162006,523.71473882,8501.87438324,0.0
31,3317860,Derry CDP,2020.59142085,0.0,28880.70289158,5966.14142096,62270.32035249,23299.59296722,265592.87977353,0.0,0.0,45.150511640000005,0,0,2020.59142085,0.0,15909.73976051,2983.07071048,32030.07896732,11858.81790306,134374.23500416,0.0,0.0,45.150511640000005,0,0,7926.15319492,0.0,33377.92787727,5966.14142096,62270.32035249,23299.59296722,265592.87977353,0.0,0.0,45.150511640000005,0,0,0,0,0,0,0.0,0.0,0.0,266632.22469295,7741.7097286,5487.38562593,3044.26248413,0.0,0,0,0,0,0.0,0.0,0.0,137074.47033698,7741.7097286,5487.38562593,3044.26248413,0.0,0,0,0,0,0.0,0.0,0.0,266632.22469295,7741.7097286,5487.38562593,3044.26248413,0.0
32,3319620,Durham CDP,0.0,8356.078298,5353.70126384,9920.99136699,11816.6740293,335.64085544,57197.32562979,0.0,0.0,0.0,0,0,0.0,4944.57315618,2786.56131646,5647.91874883,5977.07602381,226.7786516,29636.8197722,0.0,0.0,0.0,0,0,0.0,8356.078298,5514.09551815,10857.32012534,11918.54275204,335.64085544,57197.32562979,0.0,0.0,0.0,0,0,0,0,0,0,0.0,0.0,0.0,76489.46539496,2759.36632153,46594.09358328,36.94939784,0.0,0,0,0,0,0.0,0.0,0.0,39754.20639779,2759.36632153,46594.09358328,36.94939784,0.0,0,0,0,0,0.0,0.0,0.0,76489.46539496,2759.36632153,46594.09358328,36.94939784,0.0
33,3321780,East Merrimack CDP,13227.1611133,0.0,20438.52743244,635.01626537,3088.64462762,4704.8536442,62249.49236748,0.0,0.0,0.0,0,0,13227.1611133,0.0,10739.55532382,635.01626537,1788.88239279,2507.27335649,31297.56695523,0.0,0.0,0.0,0,0,27849.96685546,0.0,25576.72442477,1905.04879611,3088.64462762,4704.8536442,62249.49236748,0.0,0.0,0.0,0,0,0,0,0,0,0.0,0.0,0.0,91636.18585013,2042.1040131,1550.6486898,0.0,0.0,0,0,0,0,0.0,0.0,0.0,47492.91541513,2042.1040131,1550.6486898,0.0,0.0,0,0,0,0,0.0,0.0,0.0,91636.18585013,2042.1040131,1550.6486898,0.0,0.0
34,3324260,Enfield CDP,0.0,0.0,9411.83454677,0.0,6569.07031622,322.0075761,37643.46099644,0.0,0.0,0.0,0,0,0.0,0.0,4734.60289898,0.0,3284.53515811,161.00378805,18821.73049822,0.0,0.0,0.0,0,0,0.0,0.0,9411.83454677,0.0,6569.07031622,322.0075761,37643.46099644,0.0,0.0,0.0,0,0,0,0,0,0,0.0,0.0,0.0,10784.793206,1732.91096495,0.0,0.0,0.0,0,0,0,0,0.0,0.0,0.0,5616.38823984,1732.91096495,0.0,0.0,0.0,0,0,0,0,0.0,0.0,0.0,10784.793206,1732.91096495,0.0,0.0,0.0
35,3324580,Epping CDP,9094.71675027,5727.12540187,0.0,11177.42753294,11160.87939158,12512.83784693,43176.8104214,0.0,0.0,0.0,0,0,9094.71675027,3370.73442078,0.0,5588.71376647,5580.43969579,6488.90996165,21810.13131637,0.0,0.0,0.0,0,0,15686.05125851,8691.16636239,0.0,11177.42753294,11160.87939158,12732.82435717,43176.8104214,0.0,0.0,0.0,0,0,0,0,0,0,0.0,0.0,0.0,78564.42742404,731.33877346,2694.35659393,0.0,0.0,0,0,0,0,0.0,0.0,0.0,40116.47173367,731.33877346,2694.35659393,0.0,0.0,0,0,0,0,0.0,0.0,0.0,78810.19444513,731.33877346,2694.35659393,0.0,0.0
36,3325300,Exeter CDP,1282.11919707,0.0,8752.82011233,20755.5785429,7215.93417974,3928.9583540099998,106431.90112164,0.0,0.0,0.0,0,0,1282.11919707,0.0,4710.59586169,10630.00183172,3607.96708987,1974.4409261399999,54037.91021638,0.0,0.0,0.0,0,0,2243.71507503,0.0,12692.94343512,21228.75733446,7241.53209561,3962.83205482,106710.30966332,0.0,0.0,0.0,0,0,0,0,0,0,0.0,0.0,26.1043046,94641.64677167,2250.45504657,45331.18996977,0.0,689.02289047,0,0,0,0,0.0,0.0,13.0521523,50641.6949172,2250.45504657,45331.18996977,0.0,689.02289047,0,0,0,0,0.0,0.0,26.1043046,95168.25326265,2250.45504657,45331.18996977,0.0,689.02289047
37,3325940,Farmington CDP,0.0,9770.13215088,0.0,19040.25487902,4.19667804,8262.73344539,67894.32566153,0.0,0.0,0.0,0,0,0.0,4885.06607544,0.0,9520.127439509999,2.09833902,4199.13348246,34100.98561708,0.0,0.0,0.0,0,0,0.0,9770.13215088,0.0,19040.25487902,4.19667804,8262.73344539,67894.32566153,0.0,0.0,0.0,0,0,0,0,0,0,0.0,0.0,0.0,20670.84071418,2516.88706773,568.22682547,0.0,0.0,0,0,0,0,0.0,0.0,0.0,10875.28746131,2516.88706773,568.22682547,0.0,0.0,0,0,0,0,0.0,0.0,0.0,20670.84071418,2516.88706773,568.22682547,0.0,0.0
38,3327060,Francestown CDP,0.0,0.0,0.0,6553.87584962,2257.35461268,0.0,10282.64966502,0.0,0.0,0.0,0,0,0.0,0.0,0.0,3276.93792481,1128.67730634,0.0,5141.32483251,0.0,0.0,0.0,0,0,0.0,0.0,0.0,6553.87584962,2257.35461268,0.0,10282.64966502,0.0,0.0,0.0,0,0,0,0,0,0,0.0,0.0,0.0,5547.18599702,2.29995065,0.0,0.0,0.0,0,0,0,0,0.0,0.0,0.0,2773.59299851,2.29995065,0.0,0.0,0.0,0,0,0,0,0.0,0.0,0.0,5547.18599702,2.29995065,0.0,0.0,0.0
39,3329780,Goffstown CDP,0.0,0.0,9136.0827288,11236.65168849,779.37674661,4156.57329636,44710.28861381,0.0,0.0,0.0,0,0,0.0,0.0,4795.41774767,5707.46551162,414.59589951000004,2078.28664818,22643.68140825,0.0,0.0,0.0,0,0,0.0,0.0,9136.0827288,11270.51312735,779.37674661,4156.57329636,44710.28861381,0.0,0.0,0.0,0,0,0,0,0,0,0.0,0.0,0.0,42624.2588007,116.47259566,15064.3772074,0.0,0.0,0,0,0,0,0.0,0.0,0.0,22152.18196555,116.47259566,15064.3772074,0.0,0.0,0,0,0,0,0.0,0.0,0.0,42624.2588007,116.47259566,15064.3772074,0.0,0.0
40,3330180,Gorham CDP,0.0,14206.3412331,652.9048532,0.0,0.0,751.60443312,39988.19357404,0.0,0.0,0.0,0,0,0.0,7103.17061655,326.4524266,0.0,0.0,375.80221656,20126.02422504,0.0,0.0,0.0,0,0,0.0,14206.3412331,652.9048532,0.0,0.0,751.60443312,40252.04845008,0.0,0.0,0.0,0,0,0,0,0,0,0.0,0.0,0.0,25445.71549332,5076.3368497599995,768.47361658,0.0,0.0,0,0,0,0,0.0,0.0,0.0,13240.51557194,5076.3368497599995,768.47361658,0.0,0.0,0,0,0,0,0.0,0.0,0.0,25445.71549332,5076.3368497599995,768.47361658,0.0,0.0
41,3331860,Greenville CDP,0.0,0.0,0.0,16189.29948673,0.0,4584.7028944799995,24255.05249127,0.0,0.0,0.0,0,0,0.0,0.0,0.0,8099.86837685,0.0,2292.3514472399997,12331.51194309,0.0,0.0,0.0,0,0,0.0,0.0,0.0,16189.29948673,0.0,4584.7028944799995,24255.05249127,0.0,0.0,0.0,0,0,0,0,0,0,0.0,0.0,0.0,10813.27258182,652.33773019,0.0,0.0,0.0,0,0,0,0,0.0,0.0,0.0,5406.63629091,652.33773019,0.0,0.0,0.0,0,0,0,0,0.0,0.0,0.0,10813.27258182,652.33773019,0.0,0.0,0.0
42,3332260,Groveton CDP,0.0,0.0,5322.81605632,0.0,0.0,3260.03505198,22309.37123676,0.0,0.0,0.0,0,0,0.0,0.0,2661.40802816,0.0,0.0,1630.01752599,11154.685618380001,0.0,0.0,0.0,0,0,0.0,0.0,5322.81605632,0.0,0.0,3260.03505198,22309.37123676,0.0,0.0,0.0,0,0,0,0,0,0,0.0,0.0,0.0,11127.11139504,216.25488891,0.0,0.0,0.0,0,0,0,0,0.0,0.0,0.0,5563.55569752,216.25488891,0.0,0.0,0.0,0,0,0,0,0.0,0.0,0.0,11127.11139504,216.25488891,0.0,0.0,0.0
43,3332980,Hampton CDP,6156.913811,6589.07387853,6840.17588701,18348.260933,16918.10760722,0.0,115126.2308879,0.0,0.0,0.0,0,0,6156.913810999999,3672.60122915,4006.1914621,9174.1304665,8459.05380361,0.0,57784.9299713,0.0,0.0,0.0,0,0,7823.94531636,6589.07387853,7834.20721015,18805.7807667,16918.10760722,0.0,115224.16445225,0.0,0.0,0.0,0,0,0,0,0,0,0.0,0.0,0.0,90476.88336503,0.0,12648.76662742,8131.43023121,0.0,0,0,0,0,0.0,0.0,0.0,47496.31138134,0.0,12648.76662742,8131.43023121,0.0,0,0,0,0,0.0,0.0,0.0,135715.325047545,0.0,12648.76662742,8131.43023121,0.0
44,3333140,Hampton Beach CDP,0.0,1552.1854525,1704.14180421,8745.5127338,0.0,0.0,27405.62360146,0.0,0.0,0.0,0,0,0.0,776.09272625,1674.49205161,8121.85884181,0.0,0.0,14941.76883121,0.0,0.0,0.0,0,0,0.0,1552.1854525,2218.43517239,16167.46438084,0.0,0.0,27405.62360146,0.0,0.0,0.0,0,0,0,0,0,0,0.0,0.0,0.0,25835.68043427,51.7534806,8126.60888249,0.0,0.0,0,0,0,0,0.0,0.0,0.0,14725.10993996,51.7534806,8126.60888249,0.0,0.0,0,0,0,0,0.0,0.0,0.0,25835.68043427,51.7534806,8126.60888249,0.0,0.0
45,3333620,Hancock CDP,0.0,0.0,0.0,4043.8976684599997,0.0,836.7561594,6427.22511588,0.0,0.0,0.0,0,0,0.0,0.0,0.0,2021.9488342299999,0.0,418.3780797,3213.61255794,0.0,0.0,0.0,0,0,0.0,0.0,0.0,4043.8976684599997,0.0,836.7561594,6427.22511588,0.0,0.0,0.0,0,0,0,0,0,0,0.0,0.0,0.0,52.39103722,0.0,0.0,0.0,0.0,0,0,0,0,0.0,0.0,0.0,26.19551861,0.0,0.0,0.0,0.0,0,0,0,0,0.0,0.0,0.0,52.39103722,0.0,0.0,0.0,0.0
46,3333780,Hanover CDP,0.0,0.0,19753.16461084,0.0,10110.2662107,18244.6483233,63032.40379929,558.87397757,0.0,0.0,0,0,0.0,0.0,10692.891847159999,0.0,5315.02196182,9653.22818109,32237.51373553,337.21881806,0.0,0.0,0,0,0.0,0.0,20127.42854147,0.0,10646.5642179,18244.6483233,63032.40379929,558.87397757,0.0,0.0,0,0,0,0,0,0,0.0,0.0,0.0,126278.80192124,861.5089616700001,66182.11776588,76.84533838,134.68253462,0,0,0,0,0.0,0.0,0.0,64583.39158022,861.5089616700001,65965.69011095,76.84533838,67.34126731,0,0,0,0,0.0,0.0,0.0,126278.80192124,861.5089616700001,66182.11776588,76.84533838,134.68253462
47,3335460,Henniker CDP,0.0,5194.90109005,3600.06519745,0.0,7165.43733928,4138.80465126,16348.91784633,0.0,0.0,0.0,0,0,0.0,3056.30074974,1980.07608292,0.0,3582.7186696400004,2069.40232563,8752.08420383,0.0,0.0,0.0,0,0,0.0,5194.90109005,3600.06519745,0.0,7165.43733928,4138.80465126,16348.91784633,0.0,0.0,0.0,0,0,0,0,0,0,0.0,0.0,0.0,14766.84588,334.28944538,508.6145781,3624.14282001,0.0,0,0,0,0,0.0,0.0,0.0,7896.51673146,334.28944538,508.6145781,3624.14282001,0.0,0,0,0,0,0.0,0.0,0.0,14766.84588,334.28944538,508.6145781,3624.14282001,0.0
48,3336020,Hillsborough CDP,0.0,6061.21432677,830.79054249,6160.37972007,5348.71502378,0.0,33968.792891260004,0.0,0.0,0.0,0,0,0.0,3452.26013359,682.32167386,3448.25900584,2674.35751189,0.0,17328.58755894,0.0,0.0,0.0,0,0,0.0,7669.76504916,1042.82137052,7968.34990472,5432.91924366,0.0,34587.14479369,0.0,0.0,0.0,0,0,0,0,0,0,0.0,0.0,0.0,30402.48797842,838.85041361,2903.0153805600003,0.0,0.0,0,0,0,0,0.0,0.0,0.0,15978.59090162,838.85041361,2903.0153805600003,0.0,0.0,0,0,0,0,0.0,0.0,0.0,30402.48797842,838.85041361,2903.0153805600003,0.0,0.0
49,3336580,Hinsdale CDP,0.0,0.0,0.0,14303.91381276,0.0,967.6832793399999,41371.51952356,0.0,0.0,0.0,0,0,0.0,0.0,0.0,7151.95690638,0.0,483.84163967,20685.75976178,0.0,0.0,0.0,0,0,0.0,0.0,0.0,14303.91381276,0.0,967.6832793399999,41371.51952356,0.0,0.0,0.0,0,0,0,0,0,0,0.0,0.0,0.0,10482.21863136,0.0,0.0,0.0,0.0,0,0,0,0,0.0,0.0,0.0,5241.10931568,0.0,0.0,0.0,0.0,0,0,0,0,0.0,0.0,0.0,10482.21863136,0.0,0.0,0.0,0.0
50,3337220,Hooksett CDP,14309.03047174,0.0,13665.23359649,14763.15689058,14058.31695692,3306.76421848,73909.61391042,0.0,0.0,0.0,0,0,13963.782034240001,0.0,7303.59178714,7747.12748026,7029.15847846,1653.3821092399999,37399.89558484,0.0,0.0,0.0,0,0,38425.75329858,0.0,17275.00375276,15314.21012538,14058.31695692,3306.76421848,73909.61391042,0.0,0.0,0.0,0,0,0,0,0,0,0.0,0.0,0.0,64124.4125016,1219.3499046400002,3550.1444929,0.0,0.0,0,0,0,0,0.0,0.0,0.0,33034.79937123,1219.3499046400002,3550.1444929,0.0,0.0,0,0,0,0,0.0,0.0,0.0,64124.4125016,1219.3499046400002,3550.1444929,0.0,0.0
51,3337860,Hudson CDP,0.0,0.0,17010.65462721,1228.80872985,20237.34204579,1478.21911947,89402.87045423,0.0,0.0,0.0,0,0,0.0,0.0,9210.10723971,728.09156068,10215.41436996,976.71560608,45052.15751826,0.0,0.0,0.0,0,0,0.0,0.0,17553.96351049,1228.80872985,20298.72597134,1478.21911947,89402.87045423,0.0,0.0,0.0,0,0,0,0,0,0,0.0,0.0,0.0,56365.53243867,941.84020957,4930.87152463,0.0,0.0,0,0,0,0,0.0,0.0,0.0,29108.66184769,941.84020957,4930.87152463,0.0,0.0,0,0,0,0,0.0,0.0,0.0,56365.53243867,941.84020957,4930.87152463,0.0,0.0
52,3338420,Jaffrey CDP,0.0,0.0,8478.70462358,9830.57978295,0.0,14151.85503568,56679.72012782,0.0,0.0,0.0,0,0,0.0,0.0,4239.35231179,4928.5857815,0.0,7075.92751784,28700.40307482,0.0,0.0,0.0,0,0,0.0,0.0,8886.61476765,9830.57978295,0.0,14151.85503568,57400.80614964,0.0,0.0,0.0,0,0,0,0,0,0,0.0,0.0,0.0,33980.19457956,3008.6837291800002,976.15570998,0.0,0.0,0,0,0,0,0.0,0.0,0.0,17144.21720333,3008.68372918,976.15570998,0.0,0.0,0,0,0,0,0.0,0.0,0.0,33980.19457956,3008.6837291800002,976.15570998,0.0,0.0
53,3340120,Klondike Corner CDP,0.0,0.0,0.0,0.0,3138.83333892,12580.62610218,18449.60877504,0.0,0.0,0.0,0,0,0.0,0.0,0.0,0.0,1569.4166694599999,6290.31305109,9224.80438752,0.0,0.0,0.0,0,0,0.0,0.0,0.0,0.0,3138.83333892,12580.62610218,18449.60877504,0.0,0.0,0.0,0,0,0,0,0,0,0.0,0.0,0.0,35278.39034668,1783.45815883,65.64799053,0.0,0.0,0,0,0,0,0.0,0.0,0.0,17639.195173340002,1783.4581588300002,65.64799053,0.0,0.0,0,0,0,0,0.0,0.0,0.0,35278.39034668,1783.45815883,65.64799053,0.0,0.0
54,3340340,Lancaster CDP,0.0,8513.16757607,6114.22172092,3181.2026315,2314.60489938,164.56195794,39796.6490329,0.0,0.0,0.0,0,0,0.0,4379.50790335,3084.29594491,1590.60131575,1157.30244969,82.28097897,19942.890069,0.0,0.0,0.0,0,0,0.0,8513.16757607,6229.31121387,3181.2026315,2314.60489938,164.56195794,39796.6490329,0.0,0.0,0.0,0,0,0,0,0,0,0.0,0.0,0.0,43463.47530411,3137.35678161,5995.15645187,0.0,0.0,0,0,0,0,0.0,0.0,0.0,21785.60508846,3137.35678161,5995.15645187,0.0,0.0,0,0,0,0,0.0,0.0,0.0,43463.47530411,3137.35678161,5995.15645187,0.0,0.0
55,3341780,Lincoln CDP,3209.1546953,0.0,0.0,4984.42464271,1419.9039800799999,1221.37374232,39488.1304452,0.0,0.0,0.0,0,0,3209.1546952999997,0.0,0.0,2540.5985428100003,709.95199004,626.89737311,19958.83849143,0.0,0.0,0.0,0,0,5678.829310179999,0.0,0.0,4984.42464271,1419.9039800799999,1221.37374232,39488.1304452,0.0,0.0,0.0,0,0,0,0,0,0,0.0,0.0,52.30382796,14636.81984453,1942.4550018099999,312.01753667,0.0,0.0,0,0,0,0,0.0,0.0,26.15191398,7603.58799583,1942.4550018099999,312.01753667,0.0,0.0,0,0,0,0,0.0,0.0,52.30382796,14636.81984453,1942.4550018099999,312.01753667,0.0,0.0
56,3341940,Lisbon CDP,0.0,0.0,4377.3008045,0.0,9827.85196612,8452.57990168,30967.56712173,0.0,0.0,0.0,0,0,0.0,0.0,2188.65040225,0.0,4913.92598306,4226.2899508400005,15523.98638638,0.0,0.0,0.0,0,0,0.0,0.0,4377.3008045,0.0,9827.85196612,8452.57990168,30967.56712173,0.0,0.0,0.0,0,0,0,0,0,0,0.0,0.0,0.0,8350.28343571,4033.41433181,0.0,0.0,0.0,0,0,0,0,0.0,0.0,0.0,4330.51032992,4033.41433181,0.0,0.0,0.0,0,0,0,0,0.0,0.0,0.0,8350.28343571,4033.41433181,0.0,0.0,0.0
57,3342500,Littleton CDP,6565.41144037,0.0,8721.36891125,11015.34040398,6271.87291052,9291.8106969,105135.22661648,0.0,0.0,0.0,0,0,6565.41144037,0.0,4569.18461318,5507.67020199,3135.93645526,4645.90534845,52927.17032602,0.0,0.0,0.0,0,0,11559.302709720001,0.0,8721.36891125,11015.34040398,6271.87291052,9291.8106969,105135.22661648,0.0,0.0,0.0,0,0,0,0,0,0,0.0,0.0,0.0,20389.55371099,18761.66908053,4054.90351995,0.0,0.0,0,0,0,0,0.0,0.0,0.0,10205.62195357,18761.66908053,4054.90351995,0.0,0.0,0,0,0,0,0.0,0.0,0.0,30584.330566485,18761.66908053,4054.90351995,0.0,0.0
58,3343140,Londonderry CDP,11107.40625586,0.0,17020.53987349,21930.3410019,45897.08530876,9451.44922282,202875.11872016,0.0,0.0,0.0,0,0,11107.40625586,0.0,9899.13141854,11313.67529394,23047.60591641,5939.04980194,101820.86578363,0.0,0.0,0.0,0,0,34220.973606370004,0.0,17832.97133899,21930.3410019,45963.49890248,9451.44922282,202875.11872016,0.0,0.0,0.0,0,0,0,0,0,0,0.0,0.0,0.0,193283.07869255,4836.80818878,1169.23406622,0.0,0.0,0,0,0,0,0.0,0.0,0.0,98921.39320967,4836.80818878,1169.23406622,0.0,0.0,0,0,0,0,0.0,0.0,0.0,193283.07869255,4836.80818878,1169.23406622,0.0,0.0
59,3343300,Loudon CDP,0.0,0.0,5299.18299204,4771.04199166,4679.8510253,3632.8437871,16183.95458979,0.0,0.0,0.0,0,0,0.0,0.0,2649.5914960200002,2492.02524507,2383.57279905,1816.42189355,8140.26151267,0.0,0.0,0.0,0,0,0.0,0.0,5787.93154719,4984.05049014,4679.8510253,3632.8437871,16183.95458979,0.0,0.0,0.0,0,0,0,0,0,0,0.0,0.0,0.0,21342.68818805,2803.84279765,0.0,0.0,0.0,0,0,0,0,0.0,0.0,0.0,10864.09893117,2739.91733065,0.0,0.0,0.0,0,0,0,0,0.0,0.0,0.0,21342.68818805,2803.84279765,0.0,0.0,0.0
60,3345380,Marlborough CDP,0.0,6365.76297786,0.0,1521.88135552,1859.34467142,1448.192662,23296.45510668,0.0,0.0,0.0,0,0,0.0,3182.88148893,0.0,760.94067776,929.67233571,724.0963310000001,11648.22755334,0.0,0.0,0.0,0,0,0.0,6365.76297786,0.0,1521.88135552,1859.34467142,1448.192662,23296.45510668,0.0,0.0,0.0,0,0,0,0,0,0,0.0,0.0,0.0,19232.18009772,912.94797537,875.64231335,0.0,0.0,0,0,0,0,0.0,0.0,0.0,9616.09004886,912.94797537,875.64231335,0.0,0.0,0,0,0,0,0.0,0.0,0.0,19232.18009772,912.94797537,875.64231335,0.0,0.0
61,3346980,Melvin Village CDP,0.0,0.0,0.0,7049.48385224,0.0,552.91686204,29252.941043,0.0,0.0,0.0,0,0,0.0,0.0,0.0,3524.7419261200002,0.0,276.45843102,14626.4705215,0.0,0.0,0.0,0,0,0.0,0.0,0.0,7049.48385224,0.0,552.91686204,29252.941043,0.0,0.0,0.0,0,0,0,0,0,0,0.0,0.0,0.0,7516.48413974,0.0,0.0,0.0,0.0,0,0,0,0,0.0,0.0,0.0,3824.98679411,0.0,0.0,0.0,0.0,0,0,0,0,0.0,0.0,0.0,7516.48413974,0.0,0.0,0.0,0.0
62,3347060,Meredith CDP,0.0,0.0,16427.76583493,0.0,0.0,5442.4413144400005,77713.94432242,0.0,0.0,0.0,0,0,0.0,0.0,8581.96581238,0.0,0.0,2721.2206572200002,39145.67207508,0.0,0.0,0.0,0,0,0.0,0.0,18318.866136740002,0.0,0.0,5442.4413144400005,77713.94432242,0.0,0.0,0.0,0,0,0,0,0,0,0.0,0.0,0.0,34405.22228697,196.38736393,4841.41515244,0.0,0.0,0,0,0,0,0.0,0.0,0.0,17876.22452862,196.38736393,4841.41515244,0.0,0.0,0,0,0,0,0.0,0.0,0.0,34405.22228697,196.38736393,4841.41515244,0.0,0.0
63,3347940,Milford CDP,0.0,14538.07086568,501.03212077,18522.35828322,9115.40142802,953.61569788,112392.6986605,0.0,0.0,0.0,0,0,0.0,8471.78261602,497.75948786,9614.38309506,4557.7007140099995,476.80784894,56479.98875292,0.0,0.0,0.0,0,0,0.0,14538.07086568,691.3355795,18734.68266242,9115.40142802,953.61569788,112392.6986605,0.0,0.0,0.0,0,0,0,0,0,0,0.0,0.0,0.0,94041.51870588,3337.5072671,30537.59813411,0.0,0.0,0,0,0,0,0.0,0.0,0.0,48757.2465817,3337.5072671,30537.59813411,0.0,0.0,0,0,0,0,0.0,0.0,0.0,94041.51870588,3337.5072671,30537.59813411,0.0,0.0
64,3348580,Milton CDP,0.0,0.0,6150.02359624,946.2260936,0.0,116.08976455999999,9674.47760901,0.0,0.0,0.0,0,0,0.0,0.0,3075.01179812,473.1130468,0.0,58.044882279999996,4968.39432775,0.0,0.0,0.0,0,0,0.0,0.0,6150.02359624,946.2260936,0.0,116.08976455999999,9936.7886555,0.0,0.0,0.0,0,0,0,0,0,0,0.0,0.0,0.0,5640.47247968,0.0,149.20996342,0.0,0.0,0,0,0,0,0.0,0.0,0.0,2820.23623984,0.0,149.20996342,0.0,0.0,0,0,0,0,0.0,0.0,0.0,5640.47247968,0.0,149.20996342,0.0,0.0
65,3348740,Milton Mills CDP,0.0,0.0,0.0,0.0,4327.76107182,1619.75960338,7341.13781684,0.0,0.0,0.0,0,0,0.0,0.0,0.0,0.0,2163.88053591,809.87980169,3670.56890842,0.0,0.0,0.0,0,0,0.0,0.0,0.0,0.0,4327.76107182,1619.75960338,7341.13781684,0.0,0.0,0.0,0,0,0,0,0,0,0.0,0.0,0.0,3953.3809393799997,648.25677535,0.0,0.0,0.0,0,0,0,0,0.0,0.0,0.0,1976.6904696899999,648.25677535,0.0,0.0,0.0,0,0,0,0,0.0,0.0,0.0,3953.3809393799997,648.25677535,0.0,0.0,0.0
66,3349600,Mountain Lakes CDP,0.0,0.0,0.0,7163.4724064,7.79493346,5971.32947414,59677.4254217,0.0,0.0,0.0,0,0,0.0,0.0,0.0,3581.7362032,3.89746673,2985.66473707,29838.71271085,0.0,0.0,0.0,0,0,0.0,0.0,0.0,7163.4724064,7.79493346,5971.32947414,59677.4254217,0.0,0.0,0.0,0,0,0,0,0,0,0.0,0.0,0.0,3772.64395878,2639.8463947,0.0,0.0,0.0,0,0,0,0,0.0,0.0,0.0,1886.32197939,2639.8463947,0.0,0.0,0.0,0,0,0,0,0.0,0.0,0.0,3772.64395878,2639.8463947,0.0,0.0,0.0
67,3350660,New Boston CDP,0.0,0.0,0.0,7745.74692622,0.0,2324.49016086,8158.02991868,0.0,0.0,0.0,0,0,0.0,0.0,0.0,3899.17420757,0.0,1162.24508043,4079.01495934,0.0,0.0,0.0,0,0,0.0,0.0,0.0,7745.74692622,0.0,2324.49016086,8158.02991868,0.0,0.0,0.0,0,0,0,0,0,0,0.0,0.0,0.0,14716.65856373,498.48785954000004,2208.76508283,0.0,0.0,0,0,0,0,0.0,0.0,0.0,7579.85902066,498.48785954000004,2208.7650828299998,0.0,0.0,0,0,0,0,0.0,0.0,0.0,14716.65856373,498.48785954000004,2208.76508283,0.0,0.0
68,3351300,Newfields CDP,0.0,0.0,0.0,3704.51583488,0.0,0.0,5615.2551281,0.0,0.0,0.0,0,0,0.0,0.0,0.0,1852.25791744,0.0,0.0,2807.62756405,0.0,0.0,0.0,0,0,0.0,0.0,0.0,3704.51583488,0.0,0.0,5615.2551281,0.0,0.0,0.0,0,0,0,0,0,0,0.0,0.0,0.0,3940.6073723,206.97046605999998,147.36571448,0.0,0.0,0,0,0,0,0.0,0.0,0.0,1970.30368615,206.97046605999998,147.36571448,0.0,0.0,0,0,0,0,0.0,0.0,0.0,3940.6073723,206.97046605999998,147.36571448,0.0,0.0
69,3351460,New Hampton CDP,3143.36720512,0.0,3633.70688234,3202.10944764,1918.69717492,1882.7448944399998,10410.68951122,0.0,0.0,0.0,0,0,3143.36720512,0.0,1816.85344117,1601.05472382,959.34858746,941.3724472199999,5205.34475561,0.0,0.0,0.0,0,0,5088.587611615,0.0,3633.70688234,3202.10944764,1918.69717492,1882.7448944399998,10410.68951122,0.0,0.0,0.0,0,0,0,0,0,0,0.0,0.0,0.0,5488.80113356,889.41422329,2206.3096278499997,0.0,0.0,0,0,0,0,0.0,0.0,0.0,2744.40056678,889.41422329,2206.30962785,0.0,0.0,0,0,0,0,0.0,0.0,0.0,5488.80113356,889.41422329,2206.3096278499997,0.0,0.0
70,3352020,New London CDP,0.0,0.0,0.0,7778.5780192,2958.69790782,986.68030418,13060.86161134,0.0,0.0,0.0,0,0,0.0,0.0,0.0,4002.37079247,1499.47512594,493.34015209,6530.43080567,0.0,0.0,0.0,0,0,0.0,0.0,0.0,7818.19075847,2958.69790782,986.68030418,13060.86161134,0.0,0.0,0.0,0,0,0,0,0,0,0.0,0.0,0.0,27455.50662753,0.0,7456.1031854,0.0,0.0,0,0,0,0,0.0,0.0,0.0,15598.51493259,0.0,7456.1031854,0.0,0.0,0,0,0,0,0.0,0.0,0.0,27800.01004989,0.0,7456.1031854,0.0,0.0
71,3352260,Newmarket CDP,0.0,0.0,7103.94035962,3028.2733933,4145.34030229,193.39939564,53739.35484558,0.0,0.0,0.0,0,0,0.0,0.0,3551.97017981,1514.13669665,2150.80230969,96.69969782,28431.4052089,0.0,0.0,0.0,0,0,0.0,0.0,7426.3857169,3028.2733933,4145.34030229,193.39939564,53925.73559853,0.0,0.0,0.0,0,0,0,0,0,0,0.0,0.0,0.0,43269.44415223,1162.80985683,20220.43719651,0.0,0.0,0,0,0,0,0.0,0.0,0.0,23108.96217393,1162.8098568300002,20220.43719651,0.0,0.0,0,0,0,0,0.0,0.0,0.0,43412.73449625,1162.80985683,20220.43719651,0.0,0.0
72,3352500,Newport CDP,0.0,15974.463701659999,19996.56043388,0.0,20491.86561868,21401.16593314,115328.8145945,0.0,0.0,0.0,0,0,0.0,8191.60501149,10022.89895507,0.0,10245.93280934,10734.07296282,58065.10532051,0.0,0.0,0.0,0,0,0.0,16948.56788812,20015.03330618,0.0,20539.47017773,21401.16593314,115328.8145945,0.0,0.0,0.0,0,0,0,0,0,0,0.0,0.0,0.0,39586.16381238,12250.43229083,5954.17594738,0.0,0.0,0,0,0,0,0.0,0.0,0.0,20192.01930116,12250.43229083,5954.17594738,0.0,0.0,0,0,0,0,0.0,0.0,0.0,39586.16381238,12250.43229083,5954.17594738,0.0,0.0
73,3353860,North Conway CDP,0.0,19299.43240048,4926.2531767,0.0,21543.5718001,11797.64981438,57359.18675715,0.0,0.0,0.0,0,0,0.0,9708.74063391,2463.12658835,0.0,11686.03337775,6032.23148878,28904.09122067,0.0,0.0,0.0,0,0,0.0,21320.482383900002,6361.51472338,0.0,21543.5718001,11797.64981438,57359.18675715,0.0,0.0,0.0,0,0,0,0,0,0,0.0,0.0,0.0,100250.36487399,1697.96184429,2605.08015795,20807.66495784,0.0,0,0,0,0,0.0,0.0,0.0,51844.3971485,1697.96184429,2605.0801579500003,19801.97361806,0.0,0,0,0,0,0.0,0.0,0.0,100250.36487399,1697.96184429,2605.08015795,20807.66495784,0.0
74,3354740,North Haverhill CDP,0.0,0.0,9475.96735232,7375.17429206,0.0,5974.81886139,26166.74182376,0.0,0.0,0.0,0,0,0.0,0.0,4737.98367616,3687.58714603,0.0,3022.16510186,13122.32331648,0.0,0.0,0.0,0,0,0.0,0.0,9475.96735232,7375.17429206,0.0,5974.81886139,26166.74182376,0.0,0.0,0.0,0,0,0,0,0,0,0.0,0.0,0.0,12199.44772106,4.04214983,46.57376022,0.0,0.0,0,0,0,0,0.0,0.0,0.0,6099.72386053,4.04214983,46.57376022,0.0,0.0,0,0,0,0,0.0,0.0,0.0,12199.44772106,4.04214983,46.57376022,0.0,0.0
75,3356420,North Walpole CDP,0.0,0.0,0.0,7009.67891646,91.98671508000001,3307.29154514,10859.17780204,0.0,0.0,0.0,0,0,0.0,0.0,0.0,3504.8394582299998,45.993357540000005,1653.64577257,5621.98784697,0.0,0.0,0.0,0,0,0.0,0.0,0.0,7009.67891646,91.98671508000001,3307.29154514,10859.17780204,0.0,0.0,0.0,0,0,0,0,0,0,0.0,63.10961022,0.0,2305.98580762,35.94856418,7.89910101,0.0,0.0,0,0,0,0,0.0,31.55480511,0.0,1152.99290381,35.94856418,7.89910101,0.0,0.0,0,0,0,0,0.0,63.10961022,0.0,2305.98580762,35.94856418,7.89910101,0.0,0.0
76,3357220,North Woodstock CDP,3547.56098456,0.0,3357.07107296,6438.14529811,0.0,0.0,27368.23088439,0.0,0.0,0.0,0,0,3547.56098456,0.0,1678.53553648,3982.76689703,0.0,0.0,13754.50705064,0.0,0.0,0.0,0,0,5289.89079588,0.0,3357.07107296,7053.52195821,0.0,0.0,27368.23088439,0.0,0.0,0.0,0,0,0,0,0,0,0.0,0.0,0.0,4671.54581346,0.0,54.26246668,0.0,0.0,0,0,0,0,0.0,0.0,0.0,2388.96513366,0.0,54.26246668,0.0,0.0,0,0,0,0,0.0,0.0,0.0,4671.54581346,0.0,54.26246668,0.0,0.0
77,3360500,Peterborough CDP,0.0,7688.99094843,11193.03980318,2060.17816992,17508.03399199,12025.01605244,55780.60912361,0.0,0.0,0.0,0,0,0.0,4191.16669337,5726.12270953,1030.08908496,8905.94798801,6066.24793942,28065.28353334,0.0,0.0,0.0,0,0,0.0,7859.44790503,11569.1661556,2060.17816992,17508.03399199,12025.01605244,55780.60912361,0.0,0.0,0.0,0,0,0,0,0,0,0.0,0.0,0.0,49528.86363538,5358.53857777,3937.90444449,1029.90551209,0.0,0,0,0,0,0.0,0.0,0.0,25364.84668652,5358.53857777,3937.90444449,1029.90551209,0.0,0,0,0,0,0.0,0.0,0.0,49528.86363538,5358.53857777,3937.90444449,1029.90551209,0.0
78,3361220,Pinardville CDP,0.0,0.0,5955.36028316,6245.97374456,7077.4427039600005,0.0,63511.5586506,0.0,56.191715169999995,0.0,0,0,0.0,0.0,3075.3502473099998,3122.98687228,3564.71319742,0.0,32109.224386949998,0.0,56.191715169999995,0.0,0,0,0.0,0.0,5955.36028316,6245.97374456,7077.4427039600005,0.0,63511.5586506,0.0,56.191715169999995,0.0,0,0,0,0,0,0,0.0,0.0,0.0,30397.96743152,0.0,669.8951052900001,0.0,0.0,0,0,0,0,0.0,0.0,0.0,15809.34234104,0.0,669.8951052900001,0.0,0.0,0,0,0,0,0.0,0.0,0.0,30397.96743152,0.0,669.8951052900001,0.0,0.0
79,3361860,Pittsfield CDP,0.0,0.0,5578.31001294,1938.7527282199999,12155.8766846,1898.32998908,15857.59718288,0.0,0.0,0.0,0,0,0.0,0.0,2789.15500647,969.37636411,6077.9383423,949.16499454,7928.79859144,0.0,0.0,0.0,0,0,0.0,0.0,6471.11023144,1938.7527282199999,12155.8766846,1898.32998908,15857.59718288,0.0,0.0,0.0,0,0,0,0,0,0,0.0,0.0,0.0,17985.55321392,560.20083402,1249.13904302,0.0,0.0,0,0,0,0,0.0,0.0,0.0,9510.8070919,560.20083402,1249.13904302,0.0,0.0,0,0,0,0,0.0,0.0,0.0,17985.55321392,560.20083402,1249.13904302,0.0,0.0
80,3362260,Plainfield CDP,0.0,0.0,0.0,3983.5058158,1697.69370988,1984.4825553399999,2267.22676346,0.0,0.0,0.0,0,0,0.0,0.0,0.0,1991.7529079,848.84685494,992.24127767,1133.61338173,0.0,0.0,0.0,0,0,0.0,0.0,0.0,3983.5058158,1697.69370988,1984.4825553399999,2267.22676346,0.0,0.0,0.0,0,0,0,0,0,0,0.0,0.0,0.0,1924.4551232,4.55109108,0.0,0.0,0.0,0,0,0,0,0.0,0.0,0.0,962.2275616,4.55109108,0.0,0.0,0.0,0,0,0,0,0.0,0.0,0.0,1924.4551232,4.55109108,0.0,0.0,0.0
81,3362580,Plymouth CDP,0.0,0.0,12245.99133952,256.80966353,6468.81252216,4154.6026523499995,76717.08957357,0.0,0.0,0.0,0,0,0.0,0.0,6415.56543464,150.12705294,3322.08980884,2079.86018418,38398.0017709,0.0,0.0,0.0,0,0,0.0,0.0,12501.78870504,256.80966353,6468.81252216,4154.6026523499995,76717.08957357,0.0,0.0,0.0,0,0,0,0,0,0,0.0,0.0,0.0,22420.60912915,779.40313515,8451.78128773,0.0,0.0,0,0,0,0,0.0,0.0,0.0,11314.80180963,779.40313515,8451.78128773,0.0,0.0,0,0,0,0,0.0,0.0,0.0,22420.60912915,779.40313515,8451.78128773,0.0,0.0
82,3363940,Raymond CDP,12857.75823871,0.0,0.0,23058.49547979,25800.71311325,3640.62574567,58191.14352484,0.0,0.0,0.0,0,0,12857.75823871,0.0,0.0,12797.54854719,13692.39862891,2067.10032754,29095.57176242,0.0,0.0,0.0,0,0,21121.981824759998,0.0,0.0,23235.96839818,26231.98433328,3640.62574567,58191.14352484,0.0,0.0,0.0,0,0,0,0,0,0,0.0,0.0,0.0,83287.71690016,4.89972901,0.0,0.0,0.0,0,0,0,0,0.0,0.0,0.0,43019.39084207,4.89972901,0.0,0.0,0.0,0,0,0,0,0.0,0.0,0.0,84264.71721924,4.89972901,0.0,0.0,0.0
83,3367460,Sanbornville CDP,0.0,6181.83202212,0.0,11268.42704704,2135.68633492,17.21532548,17974.86429549,0.0,0.0,0.0,0,0,0.0,3090.91601106,0.0,5634.21352352,1067.84316746,8.60766274,9040.1678861,0.0,0.0,0.0,0,0,0.0,6181.83202212,0.0,11268.42704704,2135.68633492,17.21532548,17974.86429549,0.0,0.0,0.0,0,0,0,0,0,0,0.0,0.0,0.0,22216.02287931,759.6255795699999,14.00810152,0.0,0.0,0,0,0,0,0.0,0.0,0.0,11290.10074296,759.62557957,14.00810152,0.0,0.0,0,0,0,0,0.0,0.0,0.0,22216.02287931,759.6255795699999,14.00810152,0.0,0.0
84,3368340,Seabrook Beach CDP,0.0,0.0,0.0,6217.81972737,0.0,0.0,20301.44024216,0.0,0.0,0.0,0,0,0.0,0.0,0.0,3203.1249327200003,0.0,0.0,10643.47390105,0.0,0.0,0.0,0,0,0.0,0.0,0.0,11758.38797987,0.0,0.0,20301.44024216,0.0,0.0,0.0,0,0,0,0,0,0,0.0,0.0,0.0,5584.37391412,0.0,115.76416304,0.0,0.0,0,0,0,0,0.0,0.0,0.0,3074.21203107,0.0,115.76416304,0.0,0.0,0,0,0,0,0.0,0.0,0.0,5584.37391412,0.0,115.76416304,0.0,0.0
85,3371220,South Hooksett CDP,9341.03115294,0.0,21189.99185347,8214.2157196,10213.97205426,13551.612605799999,98588.15222348,0.0,0.0,0.0,0,0,9341.03115294,0.0,12612.81458204,4107.1078598,5106.98602713,6803.32308838,49336.15191951,0.0,0.0,0.0,0,0,17787.81226552,0.0,28046.43108476,8403.20201613,10213.97205426,13574.10282516,98588.15222348,0.0,0.0,0.0,0,0,0,0,0,0,0.0,0.0,0.0,129319.58196195,758.94062329,1645.16964673,0.0,0.0,0,0,0,0,0.0,0.0,0.0,66667.99535849,758.94062329,1645.16964673,0.0,0.0,0,0,0,0,0.0,0.0,0.0,258556.6436262,758.94062329,1645.16964673,0.0,0.0
86,3374780,Suissevale CDP,0.0,0.0,0.0,5109.51906342,0.0,170.69773558,65532.89615076,0.0,0.0,0.0,0,0,0.0,0.0,0.0,2554.75953171,0.0,85.34886779,32766.448075379998,0.0,0.0,0.0,0,0,0.0,0.0,0.0,5109.51906342,0.0,170.69773558,65532.89615076,0.0,0.0,0.0,0,0,0,0,0,0,0.0,0.0,0.0,2103.37525704,562.55794463,0.0,0.0,0.0,0,0,0,0,0.0,0.0,0.0,1051.6876285199999,562.5579446300001,0.0,0.0,0.0,0,0,0,0,0.0,0.0,0.0,2103.37525704,1125.11588926,0.0,0.0,0.0
87,3375140,Suncook CDP,0.0,0.0,13757.213908579999,0.0,17663.76788238,5218.62785211,59253.53505953,0.0,0.0,0.0,0,0,0.0,0.0,7058.22468698,0.0,8984.55488151,2665.39605868,30266.34194668,0.0,0.0,0.0,0,0,0.0,0.0,15584.08234689,0.0,17763.15864997,5218.62785211,59798.95618085,0.0,0.0,0.0,0,0,0,0,0,0,0.0,0.0,0.0,36999.20518263,4004.63893958,17362.08438514,0.0,0.0,0,0,0,0,0.0,0.0,0.0,19138.82537721,4004.6389395799997,17362.08438514,0.0,0.0,0,0,0,0,0.0,0.0,0.0,36999.20518263,4004.63893958,17362.08438514,0.0,0.0
88,3377100,Tilton Northfield CDP,10145.54636686,9583.75115452,0.0,3372.04438175,9352.674484,8339.17907525,36163.65794256,0.0,0.0,0.0,0,0,10145.54636686,5261.6011055,0.0,1732.98902204,4676.337242,4352.62350371,18341.27713561,0.0,0.0,0.0,0,0,18288.47244734,11680.85456539,0.0,3435.20799019,9352.674484,8339.17907525,36163.65794256,0.0,0.0,0.0,0,0,0,0,0,0,0.0,0.0,0.0,55598.25008918,868.5445293,2706.9829904099997,0.0,0.0,0,0,0,0,0.0,0.0,0.0,28422.563205,868.5445293,2706.9829904099997,0.0,0.0,0,0,0,0,0.0,0.0,0.0,55598.25008918,868.5445293,2706.9829904099997,0.0,0.0
89,3377300,Troy CDP,0.0,6906.3415178899995,0.0,0.0,4749.31972567,0.0,22932.808487719998,0.0,0.0,0.0,0,0,0.0,3760.03567429,0.0,0.0,2393.54740465,0.0,11466.404243859999,0.0,0.0,0.0,0,0,0.0,6906.3415178899995,0.0,0.0,4749.31972567,0.0,22932.808487719998,0.0,0.0,0.0,0,0,0,0,0,0,0.0,0.0,0.0,5260.5738130400005,815.04228401,2374.90540692,0.0,0.0,0,0,0,0,0.0,0.0,0.0,2630.2869065200002,815.04228401,2374.90540692,0.0,0.0,0,0,0,0,0.0,0.0,0.0,5260.5738130400005,815.04228401,2374.90540692,0.0,0.0
90,3377780,Union CDP,0.0,2363.32858752,2836.54518452,134.96314106,0.0,0.0,5199.61002322,0.0,0.0,0.0,0,0,0.0,1181.66429376,1418.27259226,67.48157053,0.0,0.0,2599.80501161,0.0,0.0,0.0,0,0,0.0,2363.32858752,2836.54518452,134.96314106,0.0,0.0,5199.61002322,0.0,0.0,0.0,0,0,0,0,0,0,0.0,0.0,10.8740837,704.28508562,545.10978682,0.0,0.0,0.0,0,0,0,0,0.0,0.0,5.43704185,352.14254281,298.39722312000004,0.0,0.0,0.0,0,0,0,0,0.0,0.0,10.8740837,704.28508562,545.10978682,0.0,0.0,0.0
91,3378340,Walpole CDP,0.0,2281.3215107,0.0,1536.72765338,4845.05036302,3703.5081036399997,25661.07707074,0.0,0.0,0.0,0,0,0.0,1140.66075535,0.0,768.36382669,2422.52518151,1851.75405182,12830.53853537,0.0,0.0,0.0,0,0,0.0,2330.18207157,0.0,1536.72765338,4845.05036302,3703.5081036399997,25661.07707074,0.0,0.0,0.0,0,0,0,0,0,0,0.0,0.0,0.0,4499.92911644,1.11305414,0.0,0.0,0.0,0,0,0,0,0.0,0.0,0.0,2249.96455822,1.11305414,0.0,0.0,0.0,0,0,0,0,0.0,0.0,0.0,4499.92911644,1.11305414,0.0,0.0,0.0
92,3378500,Warner CDP,5731.38012617,0.0,0.0,4873.38322267,773.43007262,1887.05881342,9870.83854089,0.0,0.0,0.0,0,0,5731.38012617,0.0,0.0,2663.91539805,386.71503631,943.52940671,5000.17971453,0.0,0.0,0.0,0,0,10879.72819495,0.0,0.0,4987.30317552,773.43007262,1887.05881342,9870.83854089,0.0,0.0,0.0,0,0,0,0,0,0,0.0,0.0,0.0,11766.33567995,0.0,0.0,0.0,0.0,0,0,0,0,0.0,0.0,0.0,6184.98326696,0.0,0.0,0.0,0.0,0,0,0,0,0.0,0.0,0.0,11766.33567995,0.0,0.0,0.0,0.0
93,3383620,West Stewartstown CDP,0.0,0.0,5810.0595748,0.0,0.0,0.0,11923.22500614,0.0,0.0,0.0,0,0,0.0,0.0,2905.0297874,0.0,0.0,0.0,5961.61250307,0.0,0.0,0.0,0,0,0.0,0.0,5810.0595748,0.0,0.0,0.0,11923.22500614,0.0,0.0,0.0,0,0,0,0,0,0,0.0,0.0,0.0,4710.71067952,2481.75309758,0.0,0.0,0.0,0,0,0,0,0.0,0.0,0.0,2355.35533976,2481.75309758,0.0,0.0,0.0,0,0,0,0,0.0,0.0,0.0,4710.71067952,2481.75309758,0.0,0.0,0.0
94,3383700,West Swanzey CDP,0.0,0.0,5712.90482156,0.0,0.0,12702.51013268,31018.52879244,0.0,0.0,0.0,0,0,0.0,0.0,2856.4524107800003,0.0,0.0,6351.25506634,15509.26439622,0.0,0.0,0.0,0,0,0.0,0.0,5712.90482156,0.0,0.0,12702.51013268,31018.52879244,0.0,0.0,0.0,0,0,0,0,0,0,0.0,0.0,0.0,16058.38547984,428.6149255,0.0,3478.7260704699997,0.0,0,0,0,0,0.0,0.0,0.0,8029.19273992,428.6149255,0.0,3478.7260704699997,0.0,0,0,0,0,0.0,0.0,0.0,16058.38547984,428.6149255,0.0,3478.7260704699997,0.0
95,3384340,Whitefield CDP,0.0,0.0,4075.96782811,7298.72744089,0.0,5018.4531216,21154.76892994,0.0,0.0,0.0,0,0,0.0,0.0,2058.72992586,3668.23448174,0.0,2509.2265608,10577.38446497,0.0,0.0,0.0,0,0,0.0,0.0,4075.96782811,7298.72744089,0.0,5018.4531216,21154.76892994,0.0,0.0,0.0,0,0,0,0,0,0,0.0,0.0,0.0,13824.883448,348.80110186,965.7218687300001,0.0,0.0,0,0,0,0,0.0,0.0,0.0,6912.441724,348.80110186,965.7218687300001,0.0,0.0,0,0,0,0,0.0,0.0,0.0,13824.883448,348.80110186,965.7218687300001,0.0,0.0
96,3385140,Wilton CDP,0.0,4793.03410544,0.0,7895.57500226,0.0,6697.13412012,29782.92248526,0.0,0.0,0.0,0,0,0.0,2396.51705272,0.0,3947.78750113,0.0,3348.56706006,14891.46124263,0.0,0.0,0.0,0,0,0.0,4793.03410544,0.0,7895.57500226,0.0,6697.13412012,29782.92248526,0.0,0.0,0.0,0,0,0,0,0,0,0.0,0.0,0.0,16466.31649606,1710.3971244,867.6370425,0.0,0.0,0,0,0,0,0.0,0.0,0.0,8233.15824803,1710.3971244000002,867.6370425,0.0,0.0,0,0,0,0,0.0,0.0,0.0,16466.31649606,1710.3971244,867.6370425,0.0,0.0
97,3385460,Winchester CDP,0.0,0.0,5775.59352624,7797.5575096,0.0,493.15086336,50184.3589393,0.0,0.0,0.0,0,0,0.0,0.0,2887.79676312,3898.7787548,0.0,246.57543168,25092.17946965,0.0,0.0,0.0,0,0,0.0,0.0,5775.59352624,7797.5575096,0.0,493.15086336,50184.3589393,0.0,0.0,0.0,0,0,0,0,0,0,0.0,0.0,0.0,11634.51238561,0.0,0.0,0.0,0.0,0,0,0,0,0.0,0.0,0.0,5979.26517127,0.0,0.0,0.0,0.0,0,0,0,0,0.0,0.0,0.0,11634.51238561,0.0,0.0,0.0,0.0
98,3386340,Wolfeboro CDP,0.0,0.0,12711.08169934,16865.02746286,0.0,2607.06393298,159290.38773126,61.15598811,0.0,0.0,0,0,0.0,0.0,6355.54084967,8432.51373143,0.0,1303.53196649,79758.91205909,61.15598811,0.0,0.0,0,0,0.0,0.0,12744.70241774,16865.02746286,0.0,2607.06393298,159290.38773126,61.15598811,0.0,0.0,0,0,0,0,0,0,0.0,0.0,0.0,97523.75522791,239.98456477000002,1822.33153462,10289.66375675,0.0,0,0,0,0,0.0,0.0,0.0,48975.2755893,239.98456477000002,1822.33153462,6224.78150412,0.0,0,0,0,0,0.0,0.0,0.0,97523.75522791,239.98456477000002,1822.33153462,10289.66375675,0.0
99,3387140,Woodsville CDP,0.0,0.0,9277.94563799,5796.3367768,0.0,0.0,33832.74785544,0.0,0.0,0.0,0,0,0.0,0.0,4711.35399771,2898.1683884,0.0,0.0,16916.37392772,0.0,0.0,0.0,0,0,0.0,0.0,9277.94563799,5796.3367768,0.0,0.0,33832.74785544,0.0,0.0,0.0,0,0,0,0,0,0,0.0,0.0,0.0,10827.77741304,0.0,62.17935651,0.0,0.0,0,0,0,0,0.0,0.0,0.0,5475.37254412,0.0,62.17935651,0.0,0.0,0,0,0,0,0.0,0.0,0.0,10827.77741304,0.0,62.17935651,0.0,0.0
